{
  "cloudant_apikey": "REPLACEME.node-red-kkgsd-2022--cloudant-1658576060283.apikey",
  "cloudant_host": "REPLACEME.node-red-kkgsd-2022--cloudant-1658576060283.host",
  "cloudant_iam_apikey_description": "REPLACEME.node-red-kkgsd-2022--cloudant-1658576060283.iam_apikey_description",
  "cloudant_iam_apikey_name": "REPLACEME.node-red-kkgsd-2022--cloudant-1658576060283.iam_apikey_name",
  "cloudant_iam_role_crn": "REPLACEME.node-red-kkgsd-2022--cloudant-1658576060283.iam_role_crn",
  "cloudant_iam_serviceid_crn": "REPLACEME.node-red-kkgsd-2022--cloudant-1658576060283.iam_serviceid_crn",
  "cloudant_password": "REPLACEME.node-red-kkgsd-2022--cloudant-1658576060283.password",
  "cloudant_port": 443,
  "cloudant_url": "REPLACEME.node-red-kkgsd-2022--cloudant-1658576060283.url",
  "cloudant_username": "REPLACEME.node-red-kkgsd-2022--cloudant-1658576060283.username"
}
